sterling,Â£
yen,Â¥
section,Â§
neg,Â¬
pm,Â±
paragraph,Â¶
cdotp,Â·
times,Ã—
eth,Ã°
div,Ã·
Zbar,Æµ
Alpha,Î‘
Beta,Î’
Gamma,Î“
Delta,Î”
Epsilon,Î•
Zeta,Î–
Eta,Î—
Theta,Î˜
Iota,Î™
Kappa,Îš
Lambda,Î›
Mu,Îœ
Nu,Î
Xi,Î
Omicron,ÎŸ
Pi,Î 
Rho,Î¡
Sigma,Î£
Tau,Î¤
Upsilon,Î¥
Phi,Î¦
Chi,Î§
Psi,Î¨
Omega,Î©
alpha,Î±
beta,Î²
gamma,Î³
delta,Î´
varepsilon,Îµ
zeta,Î¶
eta,Î·
theta,Î¸
iota,Î¹
kappa,Îº
lambda,Î»
mu,Î¼
nu,Î½
xi,Î¾
omicron,Î¿
pi,Ï€
rho,Ï
varsigma,Ï‚
sigma,Ïƒ
tau,Ï„
upsilon,Ï…
varphi,Ï†
chi,Ï‡
psi,Ïˆ
omega,Ï‰
vartheta,Ï‘
phi,Ï•
varpi,Ï–
upDigamma,Ïœ
updigamma,Ï
varkappa,Ï°
varrho,Ï±
varTheta,Ï´
epsilon,Ïµ
upbackepsilon,Ï¶
horizbar,â€•
Vert,â€–
twolowline,â€—
dagger,â€ 
ddagger,â€¡
smblkcircle,â€¢
enleadertwodots,â€¥
ldots,â€¦
prime,â€²
dprime,â€³
trprime,â€´
backprime,â€µ
backdprime,â€¶
backtrprime,â€·
caretinsert,â€¸
Exclam,â€¼
tieconcat,â€
hyphenbullet,âƒ
fracslash,â„
Question,â‡
closure,â
qprime,â—
euro,â‚¬
leftharpoonaccent,âƒ
overleftharpoon,âƒ
rightharpoonaccent,âƒ‘
overrightharpoon,âƒ‘
vertoverlay,âƒ’
overleftarrow,âƒ–
overrightarrow,âƒ—
vec,âƒ—
dddot,âƒ›
ddddot,âƒœ
enclosecircle,âƒ
enclosesquare,âƒ
enclosediamond,âƒŸ
overleftrightarrow,âƒ¡
enclosetriangle,âƒ¤
annuity,âƒ§
threeunderdot,âƒ¨
widebridgeabove,âƒ©
underrightharpoondown,âƒ¬
underleftharpoondown,âƒ­
underleftarrow,âƒ®
underrightarrow,âƒ¯
asteraccent,âƒ°
bb_C,â„‚
Eulerconst,â„‡
cal_g,â„Š
cal_H,â„‹
frak_H,â„Œ
bb_H,â„
Planckconst,â„
hslash,â„
cal_I,â„
Im,â„‘
cal_L,â„’
ell,â„“
bb_N,â„•
wp,â„˜
bb_P,â„™
bb_Q,â„š
cal_R,â„›
Re,â„œ
bb_R,â„
bb_Z,â„¤
mho,â„§
frak_Z,â„¨
turnediota,â„©
Angstrom,â„«
cal_B,â„¬
frak_C,â„­
cal_e,â„¯
cal_E,â„°
cal_F,â„±
Finv,â„²
cal_M,â„³
cal_o,â„´
aleph,â„µ
beth,â„¶
gimel,â„·
daleth,â„¸
bb_pi,â„¼
bb_gamma,â„½
bb_Gamma,â„¾
bb_Pi,â„¿
bb_sum,â…€
Game,â…
sansLturned,â…‚
sansLmirrored,â…ƒ
Yup,â…„
bbit_D,â……
bbit_d,â…†
bbit_e,â…‡
bbit_i,â…ˆ
bbit_j,â…‰
PropertyLine,â…Š
upand,â…‹
leftarrow,â†
uparrow,â†‘
rightarrow,â†’
downarrow,â†“
leftrightarrow,â†”
updownarrow,â†•
nwarrow,â†–
nearrow,â†—
searrow,â†˜
swarrow,â†™
nleftarrow,â†š
nrightarrow,â†›
leftwavearrow,â†œ
rightwavearrow,â†
twoheadleftarrow,â†
twoheaduparrow,â†Ÿ
twoheadrightarrow,â† 
twoheaddownarrow,â†¡
leftarrowtail,â†¢
rightarrowtail,â†£
mapsfrom,â†¤
mapsup,â†¥
mapsto,â†¦
mapsdown,â†§
updownarrowbar,â†¨
hookleftarrow,â†©
hookrightarrow,â†ª
looparrowleft,â†«
looparrowright,â†¬
leftrightsquigarrow,â†­
nleftrightarrow,â†®
downzigzagarrow,â†¯
Lsh,â†°
Rsh,â†±
Ldsh,â†²
Rdsh,â†³
linefeed,â†´
carriagereturn,â†µ
curvearrowleft,â†¶
curvearrowright,â†·
barovernorthwestarrow,â†¸
barleftarrowrightarrowbar,â†¹
acwopencirclearrow,â†º
cwopencirclearrow,â†»
leftharpoonup,â†¼
leftharpoondown,â†½
upharpoonright,â†¾
upharpoonleft,â†¿
rightharpoonup,â‡€
rightharpoondown,â‡
downharpoonright,â‡‚
downharpoonleft,â‡ƒ
rightleftarrows,â‡„
updownarrows,â‡…
leftrightarrows,â‡†
leftleftarrows,â‡‡
upuparrows,â‡ˆ
rightrightarrows,â‡‰
downdownarrows,â‡Š
leftrightharpoons,â‡‹
rightleftharpoons,â‡Œ
nLeftarrow,â‡
nLeftrightarrow,â‡
nRightarrow,â‡
Leftarrow,â‡
Uparrow,â‡‘
Rightarrow,â‡’
Downarrow,â‡“
Leftrightarrow,â‡”
Updownarrow,â‡•
Nwarrow,â‡–
Nearrow,â‡—
Searrow,â‡˜
Swarrow,â‡™
Lleftarrow,â‡š
Rrightarrow,â‡›
leftsquigarrow,â‡œ
rightsquigarrow,â‡
nHuparrow,â‡
nHdownarrow,â‡Ÿ
leftdasharrow,â‡ 
updasharrow,â‡¡
rightdasharrow,â‡¢
downdasharrow,â‡£
barleftarrow,â‡¤
rightarrowbar,â‡¥
leftwhitearrow,â‡¦
upwhitearrow,â‡§
rightwhitearrow,â‡¨
downwhitearrow,â‡©
whitearrowupfrombar,â‡ª
circleonrightarrow,â‡´
downuparrows,â‡µ
rightthreearrows,â‡¶
nvleftarrow,â‡·
nvrightarrow,â‡¸
nvleftrightarrow,â‡¹
nVleftarrow,â‡º
nVrightarrow,â‡»
nVleftrightarrow,â‡¼
leftarrowtriangle,â‡½
rightarrowtriangle,â‡¾
leftrightarrowtriangle,â‡¿
forall,âˆ€
complement,âˆ
partial,âˆ‚
exists,âˆƒ
nexists,âˆ„
varnothing,âˆ…
increment,âˆ†
nabla,âˆ‡
in,âˆˆ
notin,âˆ‰
smallin,âˆŠ
ni,âˆ‹
nni,âˆŒ
smallni,âˆ
QED,âˆ
prod,âˆ
coprod,âˆ
sum,âˆ‘
minus,âˆ’
mp,âˆ“
dotplus,âˆ”
divslash,âˆ•
smallsetminus,âˆ–
ast,âˆ—
vysmwhtcircle,âˆ˜
vysmblkcircle,âˆ™
sqrt,âˆš
surd,âˆš
cuberoot,âˆ›
fourthroot,âˆœ
propto,âˆ
infty,âˆ
rightangle,âˆŸ
angle,âˆ 
measuredangle,âˆ¡
sphericalangle,âˆ¢
mid,âˆ£
nmid,âˆ¤
parallel,âˆ¥
nparallel,âˆ¦
wedge,âˆ§
vee,âˆ¨
cap,âˆ©
cup,âˆª
int,âˆ«
iint,âˆ¬
iiint,âˆ­
oint,âˆ®
oiint,âˆ¯
oiiint,âˆ°
intclockwise,âˆ±
varointclockwise,âˆ²
ointctrclockwise,âˆ³
therefore,âˆ´
because,âˆµ
ratio,âˆ¶
Colon,âˆ·
dotminus,âˆ¸
dashcolon,âˆ¹
dotsminusdots,âˆº
kernelcontraction,âˆ»
sim,âˆ¼
backsim,âˆ½
invlazys,âˆ¾
sinewave,âˆ¿
wr,â‰€
nsim,â‰
eqsim,â‰‚
simeq,â‰ƒ
nsime,â‰„
cong,â‰…
simneqq,â‰†
ncong,â‰‡
approx,â‰ˆ
napprox,â‰‰
approxeq,â‰Š
approxident,â‰‹
backcong,â‰Œ
asymp,â‰
Bumpeq,â‰
bumpeq,â‰
doteq,â‰
Doteq,â‰‘
fallingdotseq,â‰’
risingdotseq,â‰“
coloneqq,â‰”
eqqcolon,â‰•
eqcirc,â‰–
circeq,â‰—
arceq,â‰˜
wedgeq,â‰™
veeeq,â‰š
stareq,â‰›
triangleq,â‰œ
eqdef,â‰
measeq,â‰
questeq,â‰Ÿ
ne,â‰ 
equiv,â‰¡
nequiv,â‰¢
Equiv,â‰£
leq,â‰¤
le,â‰¤
geq,â‰¥
ge,â‰¥
leqq,â‰¦
geqq,â‰§
lneqq,â‰¨
gneqq,â‰©
ll,â‰ª
gg,â‰«
between,â‰¬
nasymp,â‰­
nless,â‰®
ngtr,â‰¯
nleq,â‰°
ngeq,â‰±
lesssim,â‰²
gtrsim,â‰³
nlesssim,â‰´
ngtrsim,â‰µ
lessgtr,â‰¶
gtrless,â‰·
nlessgtr,â‰¸
ngtrless,â‰¹
prec,â‰º
succ,â‰»
preccurlyeq,â‰¼
succcurlyeq,â‰½
precsim,â‰¾
succsim,â‰¿
nprec,âŠ€
nsucc,âŠ
subset,âŠ‚
supset,âŠƒ
nsubset,âŠ„
nsupset,âŠ…
subseteq,âŠ†
supseteq,âŠ‡
nsubseteq,âŠˆ
nsupseteq,âŠ‰
subsetneq,âŠŠ
supsetneq,âŠ‹
cupleftarrow,âŠŒ
cupdot,âŠ
uplus,âŠ
sqsubset,âŠ
sqsupset,âŠ
sqsubseteq,âŠ‘
sqsupseteq,âŠ’
sqcap,âŠ“
sqcup,âŠ”
oplus,âŠ•
ominus,âŠ–
otimes,âŠ—
oslash,âŠ˜
odot,âŠ™
circledcirc,âŠš
circledast,âŠ›
circledequal,âŠœ
circleddash,âŠ
boxplus,âŠ
boxminus,âŠŸ
boxtimes,âŠ 
boxdot,âŠ¡
vdash,âŠ¢
dashv,âŠ£
top,âŠ¤
bot,âŠ¥
assert,âŠ¦
models,âŠ§
vDash,âŠ¨
Vdash,âŠ©
Vvdash,âŠª
VDash,âŠ«
nvdash,âŠ¬
nvDash,âŠ­
nVdash,âŠ®
nVDash,âŠ¯
prurel,âŠ°
scurel,âŠ±
vartriangleleft,âŠ²
vartriangleright,âŠ³
trianglelefteq,âŠ´
trianglerighteq,âŠµ
origof,âŠ¶
imageof,âŠ·
multimap,âŠ¸
hermitmatrix,âŠ¹
intercal,âŠº
veebar,âŠ»
barwedge,âŠ¼
barvee,âŠ½
measuredrightangle,âŠ¾
varlrtriangle,âŠ¿
bigwedge,â‹€
bigvee,â‹
bigcap,â‹‚
bigcup,â‹ƒ
smwhtdiamond,â‹„
cdot,â‹…
star,â‹†
divideontimes,â‹‡
bowtie,â‹ˆ
ltimes,â‹‰
rtimes,â‹Š
leftthreetimes,â‹‹
rightthreetimes,â‹Œ
backsimeq,â‹
curlyvee,â‹
curlywedge,â‹
Subset,â‹
Supset,â‹‘
Cap,â‹’
Cup,â‹“
pitchfork,â‹”
equalparallel,â‹•
lessdot,â‹–
gtrdot,â‹—
lll,â‹˜
ggg,â‹™
lesseqgtr,â‹š
gtreqless,â‹›
eqless,â‹œ
eqgtr,â‹
curlyeqprec,â‹
curlyeqsucc,â‹Ÿ
npreccurlyeq,â‹ 
nsucccurlyeq,â‹¡
nsqsubseteq,â‹¢
nsqsupseteq,â‹£
sqsubsetneq,â‹¤
sqsupsetneq,â‹¥
lnsim,â‹¦
gnsim,â‹§
precnsim,â‹¨
succnsim,â‹©
nvartriangleleft,â‹ª
nvartriangleright,â‹«
ntrianglelefteq,â‹¬
ntrianglerighteq,â‹­
vdots,â‹®
cdots,â‹¯
iddots,â‹°
ddots,â‹±
disin,â‹²
varisins,â‹³
isins,â‹´
isindot,â‹µ
varisinobar,â‹¶
isinobar,â‹·
isinvb,â‹¸
isinE,â‹¹
nisd,â‹º
varnis,â‹»
nis,â‹¼
varniobar,â‹½
niobar,â‹¾
bagmember,â‹¿
diameter,âŒ€
house,âŒ‚
varbarwedge,âŒ…
vardoublebarwedge,âŒ†
lceil,âŒˆ
rceil,âŒ‰
lfloor,âŒŠ
rfloor,âŒ‹
invnot,âŒ
sqlozenge,âŒ‘
profline,âŒ’
profsurf,âŒ“
viewdata,âŒ—
turnednot,âŒ™
ulcorner,âŒœ
urcorner,âŒ
llcorner,âŒ
lrcorner,âŒŸ
inttop,âŒ 
intbottom,âŒ¡
frown,âŒ¢
smile,âŒ£
varhexagonlrbonds,âŒ¬
conictaper,âŒ²
topbot,âŒ¶
obar,âŒ½
APLnotslash,âŒ¿
APLnotbackslash,â€
APLboxupcaret,â“
APLboxquestion,â°
rangledownzigzagarrow,â¼
hexagon,â”
lparenuend,â›
lparenextender,âœ
lparenlend,â
rparenuend,â
rparenextender,âŸ
rparenlend,â 
lbrackuend,â¡
lbrackextender,â¢
lbracklend,â£
rbrackuend,â¤
rbrackextender,â¥
rbracklend,â¦
lbraceuend,â§
lbracemid,â¨
lbracelend,â©
vbraceextender,âª
rbraceuend,â«
rbracemid,â¬
rbracelend,â­
intextender,â®
harrowextender,â¯
lmoustache,â°
rmoustache,â±
sumtop,â²
sumbottom,â³
overbracket,â´
underbracket,âµ
bbrktbrk,â¶
sqrtbottom,â·
lvboxline,â¸
rvboxline,â¹
varcarriagereturn,â
overparen,âœ
underparen,â
overbrace,â
underbrace,âŸ
obrbrak,â 
ubrbrak,â¡
trapezium,â¢
benzenr,â£
strns,â¤
fltns,â¥
accurrent,â¦
elinters,â§
blanksymbol,â¢
visiblespace,â£
bdtriplevdash,â”†
blockuphalf,â–€
blocklowhalf,â–„
blockfull,â–ˆ
blocklefthalf,â–Œ
blockrighthalf,â–
blockqtrshaded,â–‘
blockhalfshaded,â–’
blockthreeqtrshaded,â–“
mdlgblksquare,â– 
mdlgwhtsquare,â–¡
squoval,â–¢
blackinwhitesquare,â–£
squarehfill,â–¤
squarevfill,â–¥
squarehvfill,â–¦
squarenwsefill,â–§
squareneswfill,â–¨
squarecrossfill,â–©
smblksquare,â–ª
smwhtsquare,â–«
hrectangleblack,â–¬
hrectangle,â–­
vrectangleblack,â–®
vrectangle,â–¯
parallelogramblack,â–°
parallelogram,â–±
bigblacktriangleup,â–²
bigtriangleup,â–³
blacktriangle,â–´
vartriangle,â–µ
blacktriangleright,â–¶
triangleright,â–·
smallblacktriangleright,â–¸
smalltriangleright,â–¹
blackpointerright,â–º
whitepointerright,â–»
bigblacktriangledown,â–¼
bigtriangledown,â–½
blacktriangledown,â–¾
triangledown,â–¿
blacktriangleleft,â—€
triangleleft,â—
smallblacktriangleleft,â—‚
smalltriangleleft,â—ƒ
blackpointerleft,â—„
whitepointerleft,â—…
mdlgblkdiamond,â—†
mdlgwhtdiamond,â—‡
blackinwhitediamond,â—ˆ
fisheye,â—‰
mdlgwhtlozenge,â—Š
mdlgwhtcircle,â—‹
dottedcircle,â—Œ
circlevertfill,â—
bullseye,â—
mdlgblkcircle,â—
circlelefthalfblack,â—
circlerighthalfblack,â—‘
circlebottomhalfblack,â—’
circletophalfblack,â—“
circleurquadblack,â—”
blackcircleulquadwhite,â—•
blacklefthalfcircle,â—–
blackrighthalfcircle,â——
inversebullet,â—˜
inversewhitecircle,â—™
invwhiteupperhalfcircle,â—š
invwhitelowerhalfcircle,â—›
ularc,â—œ
urarc,â—
lrarc,â—
llarc,â—Ÿ
topsemicircle,â— 
botsemicircle,â—¡
lrblacktriangle,â—¢
llblacktriangle,â—£
ulblacktriangle,â—¤
urblacktriangle,â—¥
smwhtcircle,â—¦
squareleftblack,â—§
squarerightblack,â—¨
squareulblack,â—©
squarelrblack,â—ª
boxbar,â—«
trianglecdot,â—¬
triangleleftblack,â—­
trianglerightblack,â—®
lgwhtcircle,â—¯
squareulquad,â—°
squarellquad,â—±
squarelrquad,â—²
squareurquad,â—³
circleulquad,â—´
circlellquad,â—µ
circlelrquad,â—¶
circleurquad,â—·
ultriangle,â—¸
urtriangle,â—¹
lltriangle,â—º
mdwhtsquare,â—»
mdblksquare,â—¼
mdsmwhtsquare,â—½
mdsmblksquare,â—¾
lrtriangle,â—¿
bigstar,â˜…
bigwhitestar,â˜†
astrosun,â˜‰
danger,â˜¡
blacksmiley,â˜»
sun,â˜¼
rightmoon,â˜½
leftmoon,â˜¾
female,â™€
male,â™‚
spadesuit,â™ 
heartsuit,â™¡
diamondsuit,â™¢
clubsuit,â™£
varspadesuit,â™¤
varheartsuit,â™¥
vardiamondsuit,â™¦
varclubsuit,â™§
quarternote,â™©
eighthnote,â™ª
twonotes,â™«
flat,â™­
natural,â™®
sharp,â™¯
acidfree,â™¾
dicei,âš€
diceii,âš
diceiii,âš‚
diceiv,âšƒ
dicev,âš„
dicevi,âš…
circledrightdot,âš†
circledtwodots,âš‡
blackcircledrightdot,âšˆ
blackcircledtwodots,âš‰
Hermaphrodite,âš¥
mdwhtcircle,âšª
mdblkcircle,âš«
mdsmwhtcircle,âš¬
neuter,âš²
checkmark,âœ“
maltese,âœ 
circledstar,âœª
varstar,âœ¶
dingasterisk,âœ½
lbrbrak,â²
rbrbrak,â³
draftingarrow,â›
threedangle,âŸ€
whiteinwhitetriangle,âŸ
perp,âŸ‚
subsetcirc,âŸƒ
supsetcirc,âŸ„
lbag,âŸ…
rbag,âŸ†
veedot,âŸ‡
bsolhsub,âŸˆ
suphsol,âŸ‰
longdivision,âŸŒ
diamondcdot,âŸ
wedgedot,âŸ‘
upin,âŸ’
pullback,âŸ“
pushout,âŸ”
leftouterjoin,âŸ•
rightouterjoin,âŸ–
fullouterjoin,âŸ—
bigbot,âŸ˜
bigtop,âŸ™
DashVDash,âŸš
dashVdash,âŸ›
multimapinv,âŸœ
vlongdash,âŸ
longdashv,âŸ
cirbot,âŸŸ
lozengeminus,âŸ 
concavediamond,âŸ¡
concavediamondtickleft,âŸ¢
concavediamondtickright,âŸ£
whitesquaretickleft,âŸ¤
whitesquaretickright,âŸ¥
lBrack,âŸ¦
rBrack,âŸ§
langle,âŸ¨
rangle,âŸ©
lAngle,âŸª
rAngle,âŸ«
Lbrbrak,âŸ¬
Rbrbrak,âŸ­
lgroup,âŸ®
rgroup,âŸ¯
UUparrow,âŸ°
DDownarrow,âŸ±
acwgapcirclearrow,âŸ²
cwgapcirclearrow,âŸ³
rightarrowonoplus,âŸ´
longleftarrow,âŸµ
longrightarrow,âŸ¶
longleftrightarrow,âŸ·
Longleftarrow,âŸ¸
Longrightarrow,âŸ¹
Longleftrightarrow,âŸº
longmapsfrom,âŸ»
longmapsto,âŸ¼
Longmapsfrom,âŸ½
Longmapsto,âŸ¾
longrightsquigarrow,âŸ¿
nvtwoheadrightarrow,â¤€
nVtwoheadrightarrow,â¤
nvLeftarrow,â¤‚
nvRightarrow,â¤ƒ
nvLeftrightarrow,â¤„
twoheadmapsto,â¤…
Mapsfrom,â¤†
Mapsto,â¤‡
downarrowbarred,â¤ˆ
uparrowbarred,â¤‰
Uuparrow,â¤Š
Ddownarrow,â¤‹
leftbkarrow,â¤Œ
rightbkarrow,â¤
leftdbkarrow,â¤
dbkarrow,â¤
drbkarrow,â¤
rightdotarrow,â¤‘
baruparrow,â¤’
downarrowbar,â¤“
nvrightarrowtail,â¤”
nVrightarrowtail,â¤•
twoheadrightarrowtail,â¤–
nvtwoheadrightarrowtail,â¤—
nVtwoheadrightarrowtail,â¤˜
lefttail,â¤™
righttail,â¤š
leftdbltail,â¤›
rightdbltail,â¤œ
diamondleftarrow,â¤
rightarrowdiamond,â¤
diamondleftarrowbar,â¤Ÿ
barrightarrowdiamond,â¤ 
nwsearrow,â¤¡
neswarrow,â¤¢
hknwarrow,â¤£
hknearrow,â¤¤
hksearrow,â¤¥
hkswarrow,â¤¦
tona,â¤§
toea,â¤¨
tosa,â¤©
towa,â¤ª
rdiagovfdiag,â¤«
fdiagovrdiag,â¤¬
seovnearrow,â¤­
neovsearrow,â¤®
fdiagovnearrow,â¤¯
rdiagovsearrow,â¤°
neovnwarrow,â¤±
nwovnearrow,â¤²
rightcurvedarrow,â¤³
uprightcurvearrow,â¤´
downrightcurvedarrow,â¤µ
leftdowncurvedarrow,â¤¶
rightdowncurvedarrow,â¤·
cwrightarcarrow,â¤¸
acwleftarcarrow,â¤¹
acwoverarcarrow,â¤º
acwunderarcarrow,â¤»
curvearrowrightminus,â¤¼
curvearrowleftplus,â¤½
cwundercurvearrow,â¤¾
ccwundercurvearrow,â¤¿
acwcirclearrow,â¥€
cwcirclearrow,â¥
rightarrowshortleftarrow,â¥‚
leftarrowshortrightarrow,â¥ƒ
shortrightarrowleftarrow,â¥„
rightarrowplus,â¥…
leftarrowplus,â¥†
rightarrowx,â¥‡
leftrightarrowcircle,â¥ˆ
twoheaduparrowcircle,â¥‰
leftrightharpoonupdown,â¥Š
leftrightharpoondownup,â¥‹
updownharpoonrightleft,â¥Œ
updownharpoonleftright,â¥
leftrightharpoonupup,â¥
updownharpoonrightright,â¥
leftrightharpoondowndown,â¥
updownharpoonleftleft,â¥‘
barleftharpoonup,â¥’
rightharpoonupbar,â¥“
barupharpoonright,â¥”
downharpoonrightbar,â¥•
barleftharpoondown,â¥–
rightharpoondownbar,â¥—
barupharpoonleft,â¥˜
downharpoonleftbar,â¥™
leftharpoonupbar,â¥š
barrightharpoonup,â¥›
upharpoonrightbar,â¥œ
bardownharpoonright,â¥
leftharpoondownbar,â¥
barrightharpoondown,â¥Ÿ
upharpoonleftbar,â¥ 
bardownharpoonleft,â¥¡
leftharpoonsupdown,â¥¢
upharpoonsleftright,â¥£
rightharpoonsupdown,â¥¤
downharpoonsleftright,â¥¥
leftrightharpoonsup,â¥¦
leftrightharpoonsdown,â¥§
rightleftharpoonsup,â¥¨
rightleftharpoonsdown,â¥©
leftharpoonupdash,â¥ª
dashleftharpoondown,â¥«
rightharpoonupdash,â¥¬
dashrightharpoondown,â¥­
updownharpoonsleftright,â¥®
downupharpoonsleftright,â¥¯
rightimply,â¥°
equalrightarrow,â¥±
similarrightarrow,â¥²
leftarrowsimilar,â¥³
rightarrowsimilar,â¥´
rightarrowapprox,â¥µ
ltlarr,â¥¶
leftarrowless,â¥·
gtrarr,â¥¸
subrarr,â¥¹
leftarrowsubset,â¥º
suplarr,â¥»
leftfishtail,â¥¼
rightfishtail,â¥½
upfishtail,â¥¾
downfishtail,â¥¿
Vvert,â¦€
mdsmblkcircle,â¦
typecolon,â¦‚
lBrace,â¦ƒ
rBrace,â¦„
lParen,â¦…
rParen,â¦†
llparenthesis,â¦‡
rrparenthesis,â¦ˆ
llangle,â¦‰
rrangle,â¦Š
lbrackubar,â¦‹
rbrackubar,â¦Œ
lbrackultick,â¦
rbracklrtick,â¦
lbracklltick,â¦
rbrackurtick,â¦
langledot,â¦‘
rangledot,â¦’
lparenless,â¦“
rparengtr,â¦”
Lparengtr,â¦•
Rparenless,â¦–
lblkbrbrak,â¦—
rblkbrbrak,â¦˜
fourvdots,â¦™
vzigzag,â¦š
measuredangleleft,â¦›
rightanglesqr,â¦œ
rightanglemdot,â¦
angles,â¦
angdnr,â¦Ÿ
gtlpar,â¦ 
sphericalangleup,â¦¡
turnangle,â¦¢
revangle,â¦£
angleubar,â¦¤
revangleubar,â¦¥
wideangledown,â¦¦
wideangleup,â¦§
measanglerutone,â¦¨
measanglelutonw,â¦©
measanglerdtose,â¦ª
measangleldtosw,â¦«
measangleurtone,â¦¬
measangleultonw,â¦­
measangledrtose,â¦®
measangledltosw,â¦¯
revemptyset,â¦°
emptysetobar,â¦±
emptysetocirc,â¦²
emptysetoarr,â¦³
emptysetoarrl,â¦´
circlehbar,â¦µ
circledvert,â¦¶
circledparallel,â¦·
obslash,â¦¸
operp,â¦¹
obot,â¦º
olcross,â¦»
odotslashdot,â¦¼
uparrowoncircle,â¦½
circledwhitebullet,â¦¾
circledbullet,â¦¿
olessthan,â§€
ogreaterthan,â§
cirscir,â§‚
cirE,â§ƒ
boxdiag,â§„
boxbslash,â§…
boxast,â§†
boxcircle,â§‡
boxbox,â§ˆ
boxonbox,â§‰
triangleodot,â§Š
triangleubar,â§‹
triangles,â§Œ
triangleserifs,â§
rtriltri,â§
ltrivb,â§
vbrtri,â§
lfbowtie,â§‘
rfbowtie,â§’
fbowtie,â§“
lftimes,â§”
rftimes,â§•
hourglass,â§–
blackhourglass,â§—
lvzigzag,â§˜
rvzigzag,â§™
Lvzigzag,â§š
Rvzigzag,â§›
iinfin,â§œ
tieinfty,â§
nvinfty,â§
dualmap,â§Ÿ
laplac,â§ 
lrtriangleeq,â§¡
shuffle,â§¢
eparsl,â§£
smeparsl,â§¤
eqvparsl,â§¥
gleichstark,â§¦
thermod,â§§
downtriangleleftblack,â§¨
downtrianglerightblack,â§©
blackdiamonddownarrow,â§ª
mdlgblklozenge,â§«
circledownarrow,â§¬
blackcircledownarrow,â§­
errbarsquare,â§®
errbarblacksquare,â§¯
errbardiamond,â§°
errbarblackdiamond,â§±
errbarcircle,â§²
errbarblackcircle,â§³
ruledelayed,â§´
setminus,â§µ
dsol,â§¶
rsolbar,â§·
xsol,â§¸
xbsol,â§¹
doubleplus,â§º
tripleplus,â§»
lcurvyangle,â§¼
rcurvyangle,â§½
tplus,â§¾
tminus,â§¿
bigodot,â¨€
bigoplus,â¨
bigotimes,â¨‚
bigcupdot,â¨ƒ
biguplus,â¨„
bigsqcap,â¨…
bigsqcup,â¨†
conjquant,â¨‡
disjquant,â¨ˆ
bigtimes,â¨‰
modtwosum,â¨Š
sumint,â¨‹
iiiint,â¨Œ
intbar,â¨
intBar,â¨
fint,â¨
cirfnint,â¨
awint,â¨‘
rppolint,â¨’
scpolint,â¨“
npolint,â¨”
pointint,â¨•
sqint,â¨–
intlarhk,â¨—
intx,â¨˜
intcap,â¨™
intcup,â¨š
upint,â¨›
lowint,â¨œ
Join,â¨
bigtriangleleft,â¨
zcmp,â¨Ÿ
zpipe,â¨ 
zproject,â¨¡
ringplus,â¨¢
plushat,â¨£
simplus,â¨¤
plusdot,â¨¥
plussim,â¨¦
plussubtwo,â¨§
plustrif,â¨¨
commaminus,â¨©
minusdot,â¨ª
minusfdots,â¨«
minusrdots,â¨¬
opluslhrim,â¨­
oplusrhrim,â¨®
vectimes,â¨¯
dottimes,â¨°
timesbar,â¨±
btimes,â¨²
smashtimes,â¨³
otimeslhrim,â¨´
otimesrhrim,â¨µ
otimeshat,â¨¶
Otimes,â¨·
odiv,â¨¸
triangleplus,â¨¹
triangleminus,â¨º
triangletimes,â¨»
intprod,â¨¼
intprodr,â¨½
fcmp,â¨¾
amalg,â¨¿
capdot,â©€
uminus,â©
barcup,â©‚
barcap,â©ƒ
capwedge,â©„
cupvee,â©…
cupovercap,â©†
capovercup,â©‡
cupbarcap,â©ˆ
capbarcup,â©‰
twocups,â©Š
twocaps,â©‹
closedvarcup,â©Œ
closedvarcap,â©
Sqcap,â©
Sqcup,â©
closedvarcupsmashprod,â©
wedgeodot,â©‘
veeodot,â©’
Wedge,â©“
Vee,â©”
wedgeonwedge,â©•
veeonvee,â©–
bigslopedvee,â©—
bigslopedwedge,â©˜
veeonwedge,â©™
wedgemidvert,â©š
veemidvert,â©›
midbarwedge,â©œ
midbarvee,â©
doublebarwedge,â©
wedgebar,â©Ÿ
wedgedoublebar,â© 
varveebar,â©¡
doublebarvee,â©¢
veedoublebar,â©£
dsub,â©¤
rsub,â©¥
eqdot,â©¦
dotequiv,â©§
equivVert,â©¨
equivVvert,â©©
dotsim,â©ª
simrdots,â©«
simminussim,â©¬
congdot,â©­
asteq,â©®
hatapprox,â©¯
approxeqq,â©°
eqqplus,â©±
pluseqq,â©²
eqqsim,â©³
Coloneq,â©´
eqeq,â©µ
eqeqeq,â©¶
ddotseq,â©·
equivDD,â©¸
ltcir,â©¹
gtcir,â©º
ltquest,â©»
gtquest,â©¼
leqslant,â©½
geqslant,â©¾
lesdot,â©¿
gesdot,âª€
lesdoto,âª
gesdoto,âª‚
lesdotor,âªƒ
gesdotol,âª„
lessapprox,âª…
gtrapprox,âª†
lneq,âª‡
gneq,âªˆ
lnapprox,âª‰
gnapprox,âªŠ
lesseqqgtr,âª‹
gtreqqless,âªŒ
lsime,âª
gsime,âª
lsimg,âª
gsiml,âª
lgE,âª‘
glE,âª’
lesges,âª“
gesles,âª”
eqslantless,âª•
eqslantgtr,âª–
elsdot,âª—
egsdot,âª˜
eqqless,âª™
eqqgtr,âªš
eqqslantless,âª›
eqqslantgtr,âªœ
simless,âª
simgtr,âª
simlE,âªŸ
simgE,âª 
Lt,âª¡
Gt,âª¢
partialmeetcontraction,âª£
glj,âª¤
gla,âª¥
ltcc,âª¦
gtcc,âª§
lescc,âª¨
gescc,âª©
smt,âªª
lat,âª«
smte,âª¬
late,âª­
bumpeqq,âª®
preceq,âª¯
succeq,âª°
precneq,âª±
succneq,âª²
preceqq,âª³
succeqq,âª´
precneqq,âªµ
succneqq,âª¶
precapprox,âª·
succapprox,âª¸
precnapprox,âª¹
succnapprox,âªº
Prec,âª»
Succ,âª¼
subsetdot,âª½
supsetdot,âª¾
subsetplus,âª¿
supsetplus,â«€
submult,â«
supmult,â«‚
subedot,â«ƒ
supedot,â«„
subseteqq,â«…
supseteqq,â«†
subsim,â«‡
supsim,â«ˆ
subsetapprox,â«‰
supsetapprox,â«Š
subsetneqq,â«‹
supsetneqq,â«Œ
lsqhook,â«
rsqhook,â«
csub,â«
csup,â«
csube,â«‘
csupe,â«’
subsup,â«“
supsub,â«”
subsub,â«•
supsup,â«–
suphsub,â«—
supdsub,â«˜
forkv,â«™
topfork,â«š
mlcp,â«›
forks,â«œ
forksnot,â«
shortlefttack,â«
shortdowntack,â«Ÿ
shortuptack,â« 
perps,â«¡
vDdash,â«¢
dashV,â«£
Dashv,â«¤
DashV,â«¥
varVdash,â«¦
Barv,â«§
vBar,â«¨
vBarv,â«©
barV,â«ª
Vbar,â««
Not,â«¬
bNot,â«­
revnmid,â«®
cirmid,â«¯
midcir,â«°
topcir,â«±
nhpar,â«²
parsim,â«³
interleave,â«´
nhVvert,â«µ
threedotcolon,â«¶
lllnest,â«·
gggnest,â«¸
leqqslant,â«¹
geqqslant,â«º
trslash,â«»
biginterleave,â«¼
sslash,â«½
talloblong,â«¾
bigtalloblong,â«¿
squaretopblack,â¬’
squarebotblack,â¬“
squareurblack,â¬”
squarellblack,â¬•
diamondleftblack,â¬–
diamondrightblack,â¬—
diamondtopblack,â¬˜
diamondbotblack,â¬™
dottedsquare,â¬š
lgblksquare,â¬›
lgwhtsquare,â¬œ
vysmblksquare,â¬
vysmwhtsquare,â¬
pentagonblack,â¬Ÿ
pentagon,â¬ 
varhexagon,â¬¡
varhexagonblack,â¬¢
hexagonblack,â¬£
lgblkcircle,â¬¤
mdblkdiamond,â¬¥
mdwhtdiamond,â¬¦
mdblklozenge,â¬§
mdwhtlozenge,â¬¨
smblkdiamond,â¬©
smblklozenge,â¬ª
smwhtlozenge,â¬«
blkhorzoval,â¬¬
whthorzoval,â¬­
blkvertoval,â¬®
whtvertoval,â¬¯
circleonleftarrow,â¬°
leftthreearrows,â¬±
leftarrowonoplus,â¬²
longleftsquigarrow,â¬³
nvtwoheadleftarrow,â¬´
nVtwoheadleftarrow,â¬µ
twoheadmapsfrom,â¬¶
twoheadleftdbkarrow,â¬·
leftdotarrow,â¬¸
nvleftarrowtail,â¬¹
nVleftarrowtail,â¬º
twoheadleftarrowtail,â¬»
nvtwoheadleftarrowtail,â¬¼
nVtwoheadleftarrowtail,â¬½
leftarrowx,â¬¾
leftcurvedarrow,â¬¿
equalleftarrow,â­€
bsimilarleftarrow,â­
leftarrowbackapprox,â­‚
rightarrowgtr,â­ƒ
rightarrowsupset,â­„
LLeftarrow,â­…
RRightarrow,â­†
bsimilarrightarrow,â­‡
rightarrowbackapprox,â­ˆ
similarleftarrow,â­‰
leftarrowapprox,â­Š
leftarrowbsimilar,â­‹
rightarrowbsimilar,â­Œ
medwhitestar,â­
medblackstar,â­‘
smwhitestar,â­’
rightpentagonblack,â­“
rightpentagon,â­”
postalmark,ã€’
hzigzag,ã€°
bf_A,ğ€
bf_B,ğ
bf_C,ğ‚
bf_D,ğƒ
bf_E,ğ„
bf_F,ğ…
bf_G,ğ†
bf_H,ğ‡
bf_I,ğˆ
bf_J,ğ‰
bf_K,ğŠ
bf_L,ğ‹
bf_M,ğŒ
bf_N,ğ
bf_O,ğ
bf_P,ğ
bf_Q,ğ
bf_R,ğ‘
bf_S,ğ’
bf_T,ğ“
bf_U,ğ”
bf_V,ğ•
bf_W,ğ–
bf_X,ğ—
bf_Y,ğ˜
bf_Z,ğ™
bf_a,ğš
bf_b,ğ›
bf_c,ğœ
bf_d,ğ
bf_e,ğ
bf_f,ğŸ
bf_g,ğ 
bf_h,ğ¡
bf_i,ğ¢
bf_j,ğ£
bf_k,ğ¤
bf_l,ğ¥
bf_m,ğ¦
bf_n,ğ§
bf_o,ğ¨
bf_p,ğ©
bf_q,ğª
bf_r,ğ«
bf_s,ğ¬
bf_t,ğ­
bf_u,ğ®
bf_v,ğ¯
bf_w,ğ°
bf_x,ğ±
bf_y,ğ²
bf_z,ğ³
it_A,ğ´
it_B,ğµ
it_C,ğ¶
it_D,ğ·
it_E,ğ¸
it_F,ğ¹
it_G,ğº
it_H,ğ»
it_I,ğ¼
it_J,ğ½
it_K,ğ¾
it_L,ğ¿
it_M,ğ‘€
it_N,ğ‘
it_O,ğ‘‚
it_P,ğ‘ƒ
it_Q,ğ‘„
it_R,ğ‘…
it_S,ğ‘†
it_T,ğ‘‡
it_U,ğ‘ˆ
it_V,ğ‘‰
it_W,ğ‘Š
it_X,ğ‘‹
it_Y,ğ‘Œ
it_Z,ğ‘
it_a,ğ‘
it_b,ğ‘
it_c,ğ‘
it_d,ğ‘‘
it_e,ğ‘’
it_f,ğ‘“
it_g,ğ‘”
it_i,ğ‘–
it_j,ğ‘—
it_k,ğ‘˜
it_l,ğ‘™
it_m,ğ‘š
it_n,ğ‘›
it_o,ğ‘œ
it_p,ğ‘
it_q,ğ‘
it_r,ğ‘Ÿ
it_s,ğ‘ 
it_t,ğ‘¡
it_u,ğ‘¢
it_v,ğ‘£
it_w,ğ‘¤
it_x,ğ‘¥
it_y,ğ‘¦
it_z,ğ‘§
bm_A,ğ‘¨
bm_B,ğ‘©
bm_C,ğ‘ª
bm_D,ğ‘«
bm_E,ğ‘¬
bm_F,ğ‘­
bm_G,ğ‘®
bm_H,ğ‘¯
bm_I,ğ‘°
bm_J,ğ‘±
bm_K,ğ‘²
bm_L,ğ‘³
bm_M,ğ‘´
bm_N,ğ‘µ
bm_O,ğ‘¶
bm_P,ğ‘·
bm_Q,ğ‘¸
bm_R,ğ‘¹
bm_S,ğ‘º
bm_T,ğ‘»
bm_U,ğ‘¼
bm_V,ğ‘½
bm_W,ğ‘¾
bm_X,ğ‘¿
bm_Y,ğ’€
bm_Z,ğ’
bm_a,ğ’‚
bm_b,ğ’ƒ
bm_c,ğ’„
bm_d,ğ’…
bm_e,ğ’†
bm_f,ğ’‡
bm_g,ğ’ˆ
bm_h,ğ’‰
bm_i,ğ’Š
bm_j,ğ’‹
bm_k,ğ’Œ
bm_l,ğ’
bm_m,ğ’
bm_n,ğ’
bm_o,ğ’
bm_p,ğ’‘
bm_q,ğ’’
bm_r,ğ’“
bm_s,ğ’”
bm_t,ğ’•
bm_u,ğ’–
bm_v,ğ’—
bm_w,ğ’˜
bm_x,ğ’™
bm_y,ğ’š
bm_z,ğ’›
cal_A,ğ’œ
cal_C,ğ’
cal_D,ğ’Ÿ
cal_G,ğ’¢
cal_J,ğ’¥
cal_K,ğ’¦
cal_N,ğ’©
cal_O,ğ’ª
cal_P,ğ’«
cal_Q,ğ’¬
cal_S,ğ’®
cal_T,ğ’¯
cal_U,ğ’°
cal_V,ğ’±
cal_W,ğ’²
cal_X,ğ’³
cal_Y,ğ’´
cal_Z,ğ’µ
cal_a,ğ’¶
cal_b,ğ’·
cal_c,ğ’¸
cal_d,ğ’¹
cal_f,ğ’»
cal_h,ğ’½
cal_i,ğ’¾
cal_j,ğ’¿
cal_k,ğ“€
cal_l,ğ“
cal_m,ğ“‚
cal_n,ğ“ƒ
cal_p,ğ“…
cal_q,ğ“†
cal_r,ğ“‡
cal_s,ğ“ˆ
cal_t,ğ“‰
cal_u,ğ“Š
cal_v,ğ“‹
cal_w,ğ“Œ
cal_x,ğ“
cal_y,ğ“
cal_z,ğ“
bm_cal_A,ğ“
bm_cal_B,ğ“‘
bm_cal_C,ğ“’
bm_cal_D,ğ““
bm_cal_E,ğ“”
bm_cal_F,ğ“•
bm_cal_G,ğ“–
bm_cal_H,ğ“—
bm_cal_I,ğ“˜
bm_cal_J,ğ“™
bm_cal_K,ğ“š
bm_cal_L,ğ“›
bm_cal_M,ğ“œ
bm_cal_N,ğ“
bm_cal_O,ğ“
bm_cal_P,ğ“Ÿ
bm_cal_Q,ğ“ 
bm_cal_R,ğ“¡
bm_cal_S,ğ“¢
bm_cal_T,ğ“£
bm_cal_U,ğ“¤
bm_cal_V,ğ“¥
bm_cal_W,ğ“¦
bm_cal_X,ğ“§
bm_cal_Y,ğ“¨
bm_cal_Z,ğ“©
bm_cal_a,ğ“ª
bm_cal_b,ğ“«
bm_cal_c,ğ“¬
bm_cal_d,ğ“­
bm_cal_e,ğ“®
bm_cal_f,ğ“¯
bm_cal_g,ğ“°
bm_cal_h,ğ“±
bm_cal_i,ğ“²
bm_cal_j,ğ“³
bm_cal_k,ğ“´
bm_cal_l,ğ“µ
bm_cal_m,ğ“¶
bm_cal_n,ğ“·
bm_cal_o,ğ“¸
bm_cal_p,ğ“¹
bm_cal_q,ğ“º
bm_cal_r,ğ“»
bm_cal_s,ğ“¼
bm_cal_t,ğ“½
bm_cal_u,ğ“¾
bm_cal_v,ğ“¿
bm_cal_w,ğ”€
bm_cal_x,ğ”
bm_cal_y,ğ”‚
bm_cal_z,ğ”ƒ
frak_A,ğ”„
frak_B,ğ”…
frak_D,ğ”‡
frak_E,ğ”ˆ
frak_F,ğ”‰
frak_G,ğ”Š
frak_J,ğ”
frak_K,ğ”
frak_L,ğ”
frak_M,ğ”
frak_N,ğ”‘
frak_O,ğ”’
frak_P,ğ”“
frak_Q,ğ””
frak_S,ğ”–
frak_T,ğ”—
frak_U,ğ”˜
frak_V,ğ”™
frak_W,ğ”š
frak_X,ğ”›
frak_Y,ğ”œ
frak_a,ğ”
frak_b,ğ”Ÿ
frak_c,ğ” 
frak_d,ğ”¡
frak_e,ğ”¢
frak_f,ğ”£
frak_g,ğ”¤
frak_h,ğ”¥
frak_i,ğ”¦
frak_j,ğ”§
frak_k,ğ”¨
frak_l,ğ”©
frak_m,ğ”ª
frak_n,ğ”«
frak_o,ğ”¬
frak_p,ğ”­
frak_q,ğ”®
frak_r,ğ”¯
frak_s,ğ”°
frak_t,ğ”±
frak_u,ğ”²
frak_v,ğ”³
frak_w,ğ”´
frak_x,ğ”µ
frak_y,ğ”¶
frak_z,ğ”·
bb_A,ğ”¸
bb_B,ğ”¹
bb_D,ğ”»
bb_E,ğ”¼
bb_F,ğ”½
bb_G,ğ”¾
bb_I,ğ•€
bb_J,ğ•
bb_K,ğ•‚
bb_L,ğ•ƒ
bb_M,ğ•„
bb_O,ğ•†
bb_S,ğ•Š
bb_T,ğ•‹
bb_U,ğ•Œ
bb_V,ğ•
bb_W,ğ•
bb_X,ğ•
bb_Y,ğ•
bb_a,ğ•’
bb_b,ğ•“
bb_c,ğ•”
bb_d,ğ••
bb_e,ğ•–
bb_f,ğ•—
bb_g,ğ•˜
bb_h,ğ•™
bb_i,ğ•š
bb_j,ğ•›
bb_k,ğ•œ
bb_l,ğ•
bb_m,ğ•
bb_n,ğ•Ÿ
bb_o,ğ• 
bb_p,ğ•¡
bb_q,ğ•¢
bb_r,ğ•£
bb_s,ğ•¤
bb_t,ğ•¥
bb_u,ğ•¦
bb_v,ğ•§
bb_w,ğ•¨
bb_x,ğ•©
bb_y,ğ•ª
bb_z,ğ•«
bm_frak_A,ğ•¬
bm_frak_B,ğ•­
bm_frak_C,ğ•®
bm_frak_D,ğ•¯
bm_frak_E,ğ•°
bm_frak_F,ğ•±
bm_frak_G,ğ•²
bm_frak_H,ğ•³
bm_frak_I,ğ•´
bm_frak_J,ğ•µ
bm_frak_K,ğ•¶
bm_frak_L,ğ•·
bm_frak_M,ğ•¸
bm_frak_N,ğ•¹
bm_frak_O,ğ•º
bm_frak_P,ğ•»
bm_frak_Q,ğ•¼
bm_frak_R,ğ•½
bm_frak_S,ğ•¾
bm_frak_T,ğ•¿
bm_frak_U,ğ–€
bm_frak_V,ğ–
bm_frak_W,ğ–‚
bm_frak_X,ğ–ƒ
bm_frak_Y,ğ–„
bm_frak_Z,ğ–…
bm_frak_a,ğ–†
bm_frak_b,ğ–‡
bm_frak_c,ğ–ˆ
bm_frak_d,ğ–‰
bm_frak_e,ğ–Š
bm_frak_f,ğ–‹
bm_frak_g,ğ–Œ
bm_frak_h,ğ–
bm_frak_i,ğ–
bm_frak_j,ğ–
bm_frak_k,ğ–
bm_frak_l,ğ–‘
bm_frak_m,ğ–’
bm_frak_n,ğ–“
bm_frak_o,ğ–”
bm_frak_p,ğ–•
bm_frak_q,ğ––
bm_frak_r,ğ–—
bm_frak_s,ğ–˜
bm_frak_t,ğ–™
bm_frak_u,ğ–š
bm_frak_v,ğ–›
bm_frak_w,ğ–œ
bm_frak_x,ğ–
bm_frak_y,ğ–
bm_frak_z,ğ–Ÿ
ss_A,ğ– 
ss_B,ğ–¡
ss_C,ğ–¢
ss_D,ğ–£
ss_E,ğ–¤
ss_F,ğ–¥
ss_G,ğ–¦
ss_H,ğ–§
ss_I,ğ–¨
ss_J,ğ–©
ss_K,ğ–ª
ss_L,ğ–«
ss_M,ğ–¬
ss_N,ğ–­
ss_O,ğ–®
ss_P,ğ–¯
ss_Q,ğ–°
ss_R,ğ–±
ss_S,ğ–²
ss_T,ğ–³
ss_U,ğ–´
ss_V,ğ–µ
ss_W,ğ–¶
ss_X,ğ–·
ss_Y,ğ–¸
ss_Z,ğ–¹
ss_a,ğ–º
ss_b,ğ–»
ss_c,ğ–¼
ss_d,ğ–½
ss_e,ğ–¾
ss_f,ğ–¿
ss_g,ğ—€
ss_h,ğ—
ss_i,ğ—‚
ss_j,ğ—ƒ
ss_k,ğ—„
ss_l,ğ—…
ss_m,ğ—†
ss_n,ğ—‡
ss_o,ğ—ˆ
ss_p,ğ—‰
ss_q,ğ—Š
ss_r,ğ—‹
ss_s,ğ—Œ
ss_t,ğ—
ss_u,ğ—
ss_v,ğ—
ss_w,ğ—
ss_x,ğ—‘
ss_y,ğ—’
ss_z,ğ—“
bm_ss_A,ğ—”
bm_ss_B,ğ—•
bm_ss_C,ğ—–
bm_ss_D,ğ——
bm_ss_E,ğ—˜
bm_ss_F,ğ—™
bm_ss_G,ğ—š
bm_ss_H,ğ—›
bm_ss_I,ğ—œ
bm_ss_J,ğ—
bm_ss_K,ğ—
bm_ss_L,ğ—Ÿ
bm_ss_M,ğ— 
bm_ss_N,ğ—¡
bm_ss_O,ğ—¢
bm_ss_P,ğ—£
bm_ss_Q,ğ—¤
bm_ss_R,ğ—¥
bm_ss_S,ğ—¦
bm_ss_T,ğ—§
bm_ss_U,ğ—¨
bm_ss_V,ğ—©
bm_ss_W,ğ—ª
bm_ss_X,ğ—«
bm_ss_Y,ğ—¬
bm_ss_Z,ğ—­
bm_ss_a,ğ—®
bm_ss_b,ğ—¯
bm_ss_c,ğ—°
bm_ss_d,ğ—±
bm_ss_e,ğ—²
bm_ss_f,ğ—³
bm_ss_g,ğ—´
bm_ss_h,ğ—µ
bm_ss_i,ğ—¶
bm_ss_j,ğ—·
bm_ss_k,ğ—¸
bm_ss_l,ğ—¹
bm_ss_m,ğ—º
bm_ss_n,ğ—»
bm_ss_o,ğ—¼
bm_ss_p,ğ—½
bm_ss_q,ğ—¾
bm_ss_r,ğ—¿
bm_ss_s,ğ˜€
bm_ss_t,ğ˜
bm_ss_u,ğ˜‚
bm_ss_v,ğ˜ƒ
bm_ss_w,ğ˜„
bm_ss_x,ğ˜…
bm_ss_y,ğ˜†
bm_ss_z,ğ˜‡
ssit_A,ğ˜ˆ
ssit_B,ğ˜‰
ssit_C,ğ˜Š
ssit_D,ğ˜‹
ssit_E,ğ˜Œ
ssit_F,ğ˜
ssit_G,ğ˜
ssit_H,ğ˜
ssit_I,ğ˜
ssit_J,ğ˜‘
ssit_K,ğ˜’
ssit_L,ğ˜“
ssit_M,ğ˜”
ssit_N,ğ˜•
ssit_O,ğ˜–
ssit_P,ğ˜—
ssit_Q,ğ˜˜
ssit_R,ğ˜™
ssit_S,ğ˜š
ssit_T,ğ˜›
ssit_U,ğ˜œ
ssit_V,ğ˜
ssit_W,ğ˜
ssit_X,ğ˜Ÿ
ssit_Y,ğ˜ 
ssit_Z,ğ˜¡
ssit_a,ğ˜¢
ssit_b,ğ˜£
ssit_c,ğ˜¤
ssit_d,ğ˜¥
ssit_e,ğ˜¦
ssit_f,ğ˜§
ssit_g,ğ˜¨
ssit_h,ğ˜©
ssit_i,ğ˜ª
ssit_j,ğ˜«
ssit_k,ğ˜¬
ssit_l,ğ˜­
ssit_m,ğ˜®
ssit_n,ğ˜¯
ssit_o,ğ˜°
ssit_p,ğ˜±
ssit_q,ğ˜²
ssit_r,ğ˜³
ssit_s,ğ˜´
ssit_t,ğ˜µ
ssit_u,ğ˜¶
ssit_v,ğ˜·
ssit_w,ğ˜¸
ssit_x,ğ˜¹
ssit_y,ğ˜º
ssit_z,ğ˜»
bm_ssit_A,ğ˜¼
bm_ssit_B,ğ˜½
bm_ssit_C,ğ˜¾
bm_ssit_D,ğ˜¿
bm_ssit_E,ğ™€
bm_ssit_F,ğ™
bm_ssit_G,ğ™‚
bm_ssit_H,ğ™ƒ
bm_ssit_I,ğ™„
bm_ssit_J,ğ™…
bm_ssit_K,ğ™†
bm_ssit_L,ğ™‡
bm_ssit_M,ğ™ˆ
bm_ssit_N,ğ™‰
bm_ssit_O,ğ™Š
bm_ssit_P,ğ™‹
bm_ssit_Q,ğ™Œ
bm_ssit_R,ğ™
bm_ssit_S,ğ™
bm_ssit_T,ğ™
bm_ssit_U,ğ™
bm_ssit_V,ğ™‘
bm_ssit_W,ğ™’
bm_ssit_X,ğ™“
bm_ssit_Y,ğ™”
bm_ssit_Z,ğ™•
bm_ssit_a,ğ™–
bm_ssit_b,ğ™—
bm_ssit_c,ğ™˜
bm_ssit_d,ğ™™
bm_ssit_e,ğ™š
bm_ssit_f,ğ™›
bm_ssit_g,ğ™œ
bm_ssit_h,ğ™
bm_ssit_i,ğ™
bm_ssit_j,ğ™Ÿ
bm_ssit_k,ğ™ 
bm_ssit_l,ğ™¡
bm_ssit_m,ğ™¢
bm_ssit_n,ğ™£
bm_ssit_o,ğ™¤
bm_ssit_p,ğ™¥
bm_ssit_q,ğ™¦
bm_ssit_r,ğ™§
bm_ssit_s,ğ™¨
bm_ssit_t,ğ™©
bm_ssit_u,ğ™ª
bm_ssit_v,ğ™«
bm_ssit_w,ğ™¬
bm_ssit_x,ğ™­
bm_ssit_y,ğ™®
bm_ssit_z,ğ™¯
tt_A,ğ™°
tt_B,ğ™±
tt_C,ğ™²
tt_D,ğ™³
tt_E,ğ™´
tt_F,ğ™µ
tt_G,ğ™¶
tt_H,ğ™·
tt_I,ğ™¸
tt_J,ğ™¹
tt_K,ğ™º
tt_L,ğ™»
tt_M,ğ™¼
tt_N,ğ™½
tt_O,ğ™¾
tt_P,ğ™¿
tt_Q,ğš€
tt_R,ğš
tt_S,ğš‚
tt_T,ğšƒ
tt_U,ğš„
tt_V,ğš…
tt_W,ğš†
tt_X,ğš‡
tt_Y,ğšˆ
tt_Z,ğš‰
tt_a,ğšŠ
tt_b,ğš‹
tt_c,ğšŒ
tt_d,ğš
tt_e,ğš
tt_f,ğš
tt_g,ğš
tt_h,ğš‘
tt_i,ğš’
tt_j,ğš“
tt_k,ğš”
tt_l,ğš•
tt_m,ğš–
tt_n,ğš—
tt_o,ğš˜
tt_p,ğš™
tt_q,ğšš
tt_r,ğš›
tt_s,ğšœ
tt_t,ğš
tt_u,ğš
tt_v,ğšŸ
tt_w,ğš 
tt_x,ğš¡
tt_y,ğš¢
tt_z,ğš£
i,ğš¤
j,ğš¥
bf_Alpha,ğš¨
bf_Beta,ğš©
bf_Gamma,ğšª
bf_Delta,ğš«
bf_Epsilon,ğš¬
bf_Zeta,ğš­
bf_Eta,ğš®
bf_Theta,ğš¯
bf_Iota,ğš°
bf_Kappa,ğš±
bf_Lambda,ğš²
bf_Mu,ğš³
bf_Nu,ğš´
bf_Xi,ğšµ
bf_Omicron,ğš¶
bf_Pi,ğš·
bf_Rho,ğš¸
bf_varTheta,ğš¹
bf_Sigma,ğšº
bf_Tau,ğš»
bf_Upsilon,ğš¼
bf_Phi,ğš½
bf_Chi,ğš¾
bf_Psi,ğš¿
bf_Omega,ğ›€
bf_nabla,ğ›
bf_alpha,ğ›‚
bf_beta,ğ›ƒ
bf_gamma,ğ›„
bf_delta,ğ›…
bf_varepsilon,ğ›†
bf_zeta,ğ›‡
bf_eta,ğ›ˆ
bf_theta,ğ›‰
bf_iota,ğ›Š
bf_kappa,ğ›‹
bf_lambda,ğ›Œ
bf_mu,ğ›
bf_nu,ğ›
bf_xi,ğ›
bf_omicron,ğ›
bf_pi,ğ›‘
bf_rho,ğ›’
bf_varsigma,ğ›“
bf_sigma,ğ›”
bf_tau,ğ›•
bf_upsilon,ğ›–
bf_varphi,ğ›—
bf_chi,ğ›˜
bf_psi,ğ›™
bf_omega,ğ›š
bf_partial,ğ››
bf_epsilon,ğ›œ
bf_vartheta,ğ›
bf_varkappa,ğ›
bf_phi,ğ›Ÿ
bf_varrho,ğ› 
bf_varpi,ğ›¡
it_Alpha,ğ›¢
it_Beta,ğ›£
it_Gamma,ğ›¤
it_Delta,ğ›¥
it_Epsilon,ğ›¦
it_Zeta,ğ›§
it_Eta,ğ›¨
it_Theta,ğ›©
it_Iota,ğ›ª
it_Kappa,ğ›«
it_Lambda,ğ›¬
it_Mu,ğ›­
it_Nu,ğ›®
it_Xi,ğ›¯
it_Omicron,ğ›°
it_Pi,ğ›±
it_Rho,ğ›²
it_varTheta,ğ›³
it_Sigma,ğ›´
it_Tau,ğ›µ
it_Upsilon,ğ›¶
it_Phi,ğ›·
it_Chi,ğ›¸
it_Psi,ğ›¹
it_Omega,ğ›º
it_nabla,ğ›»
it_alpha,ğ›¼
it_beta,ğ›½
it_gamma,ğ›¾
it_delta,ğ›¿
it_varepsilon,ğœ€
it_zeta,ğœ
it_eta,ğœ‚
it_theta,ğœƒ
it_iota,ğœ„
it_kappa,ğœ…
it_lambda,ğœ†
it_mu,ğœ‡
it_nu,ğœˆ
it_xi,ğœ‰
it_omicron,ğœŠ
it_pi,ğœ‹
it_rho,ğœŒ
it_varsigma,ğœ
it_sigma,ğœ
it_tau,ğœ
it_upsilon,ğœ
it_varphi,ğœ‘
it_chi,ğœ’
it_psi,ğœ“
it_omega,ğœ”
it_partial,ğœ•
it_epsilon,ğœ–
it_vartheta,ğœ—
it_varkappa,ğœ˜
it_phi,ğœ™
it_varrho,ğœš
it_varpi,ğœ›
bm_Alpha,ğœœ
bm_Beta,ğœ
bm_Gamma,ğœ
bm_Delta,ğœŸ
bm_Epsilon,ğœ 
bm_Zeta,ğœ¡
bm_Eta,ğœ¢
bm_Theta,ğœ£
bm_Iota,ğœ¤
bm_Kappa,ğœ¥
bm_Lambda,ğœ¦
bm_Mu,ğœ§
bm_Nu,ğœ¨
bm_Xi,ğœ©
bm_Omicron,ğœª
bm_Pi,ğœ«
bm_Rho,ğœ¬
bm_varTheta,ğœ­
bm_Sigma,ğœ®
bm_Tau,ğœ¯
bm_Upsilon,ğœ°
bm_Phi,ğœ±
bm_Chi,ğœ²
bm_Psi,ğœ³
bm_Omega,ğœ´
bm_nabla,ğœµ
bm_alpha,ğœ¶
bm_beta,ğœ·
bm_gamma,ğœ¸
bm_delta,ğœ¹
bm_varepsilon,ğœº
bm_zeta,ğœ»
bm_eta,ğœ¼
bm_theta,ğœ½
bm_iota,ğœ¾
bm_kappa,ğœ¿
bm_lambda,ğ€
bm_mu,ğ
bm_nu,ğ‚
bm_xi,ğƒ
bm_omicron,ğ„
bm_pi,ğ…
bm_rho,ğ†
bm_varsigma,ğ‡
bm_sigma,ğˆ
bm_tau,ğ‰
bm_upsilon,ğŠ
bm_varphi,ğ‹
bm_chi,ğŒ
bm_psi,ğ
bm_omega,ğ
bm_partial,ğ
bm_epsilon,ğ
bm_vartheta,ğ‘
bm_varkappa,ğ’
bm_phi,ğ“
bm_varrho,ğ”
bm_varpi,ğ•
bm_ss_Alpha,ğ–
bm_ss_Beta,ğ—
bm_ss_Gamma,ğ˜
bm_ss_Delta,ğ™
bm_ss_Epsilon,ğš
bm_ss_Zeta,ğ›
bm_ss_Eta,ğœ
bm_ss_Theta,ğ
bm_ss_Iota,ğ
bm_ss_Kappa,ğŸ
bm_ss_Lambda,ğ 
bm_ss_Mu,ğ¡
bm_ss_Nu,ğ¢
bm_ss_Xi,ğ£
bm_ss_Omicron,ğ¤
bm_ss_Pi,ğ¥
bm_ss_Rho,ğ¦
bm_ss_varTheta,ğ§
bm_ss_Sigma,ğ¨
bm_ss_Tau,ğ©
bm_ss_Upsilon,ğª
bm_ss_Phi,ğ«
bm_ss_Chi,ğ¬
bm_ss_Psi,ğ­
bm_ss_Omega,ğ®
bm_ss_nabla,ğ¯
bm_ss_alpha,ğ°
bm_ss_beta,ğ±
bm_ss_gamma,ğ²
bm_ss_delta,ğ³
bm_ss_varepsilon,ğ´
bm_ss_zeta,ğµ
bm_ss_eta,ğ¶
bm_ss_theta,ğ·
bm_ss_iota,ğ¸
bm_ss_kappa,ğ¹
bm_ss_lambda,ğº
bm_ss_mu,ğ»
bm_ss_nu,ğ¼
bm_ss_xi,ğ½
bm_ss_omicron,ğ¾
bm_ss_pi,ğ¿
bm_ss_rho,ğ€
bm_ss_varsigma,ğ
bm_ss_sigma,ğ‚
bm_ss_tau,ğƒ
bm_ss_upsilon,ğ„
bm_ss_varphi,ğ…
bm_ss_chi,ğ†
bm_ss_psi,ğ‡
bm_ss_omega,ğˆ
bm_ss_partial,ğ‰
bm_ss_epsilon,ğŠ
bm_ss_vartheta,ğ‹
bm_ss_varkappa,ğŒ
bm_ss_phi,ğ
bm_ss_varrho,ğ
bm_ss_varpi,ğ
bm_ssit_Alpha,ğ
bm_ssit_Beta,ğ‘
bm_ssit_Gamma,ğ’
bm_ssit_Delta,ğ“
bm_ssit_Epsilon,ğ”
bm_ssit_Zeta,ğ•
bm_ssit_Eta,ğ–
bm_ssit_Theta,ğ—
bm_ssit_Iota,ğ˜
bm_ssit_Kappa,ğ™
bm_ssit_Lambda,ğš
bm_ssit_Mu,ğ›
bm_ssit_Nu,ğœ
bm_ssit_Xi,ğ
bm_ssit_Omicron,ğ
bm_ssit_Pi,ğŸ
bm_ssit_Rho,ğ 
bm_ssit_varTheta,ğ¡
bm_ssit_Sigma,ğ¢
bm_ssit_Tau,ğ£
bm_ssit_Upsilon,ğ¤
bm_ssit_Phi,ğ¥
bm_ssit_Chi,ğ¦
bm_ssit_Psi,ğ§
bm_ssit_Omega,ğ¨
bm_ssit_nabla,ğ©
bm_ssit_alpha,ğª
bm_ssit_beta,ğ«
bm_ssit_gamma,ğ¬
bm_ssit_delta,ğ­
bm_ssit_varepsilon,ğ®
bm_ssit_zeta,ğ¯
bm_ssit_eta,ğ°
bm_ssit_theta,ğ±
bm_ssit_iota,ğ²
bm_ssit_kappa,ğ³
bm_ssit_lambda,ğ´
bm_ssit_mu,ğµ
bm_ssit_nu,ğ¶
bm_ssit_xi,ğ·
bm_ssit_omicron,ğ¸
bm_ssit_pi,ğ¹
bm_ssit_rho,ğº
bm_ssit_varsigma,ğ»
bm_ssit_sigma,ğ¼
bm_ssit_tau,ğ½
bm_ssit_upsilon,ğ¾
bm_ssit_varphi,ğ¿
bm_ssit_chi,ğŸ€
bm_ssit_psi,ğŸ
bm_ssit_omega,ğŸ‚
bm_ssit_partial,ğŸƒ
bm_ssit_epsilon,ğŸ„
bm_ssit_vartheta,ğŸ…
bm_ssit_varkappa,ğŸ†
bm_ssit_phi,ğŸ‡
bm_ssit_varrho,ğŸˆ
bm_ssit_varpi,ğŸ‰
bf_Digamma,ğŸŠ
bf_digamma,ğŸ‹
bf_0,ğŸ
bf_1,ğŸ
bf_2,ğŸ
bf_3,ğŸ‘
bf_4,ğŸ’
bf_5,ğŸ“
bf_6,ğŸ”
bf_7,ğŸ•
bf_8,ğŸ–
bf_9,ğŸ—
bb_0,ğŸ˜
bb_1,ğŸ™
bb_2,ğŸš
bb_3,ğŸ›
bb_4,ğŸœ
bb_5,ğŸ
bb_6,ğŸ
bb_7,ğŸŸ
bb_8,ğŸ 
bb_9,ğŸ¡
ss_0,ğŸ¢
ss_1,ğŸ£
ss_2,ğŸ¤
ss_3,ğŸ¥
ss_4,ğŸ¦
ss_5,ğŸ§
ss_6,ğŸ¨
ss_7,ğŸ©
ss_8,ğŸª
ss_9,ğŸ«
bm_ss_0,ğŸ¬
bm_ss_1,ğŸ­
bm_ss_2,ğŸ®
bm_ss_3,ğŸ¯
bm_ss_4,ğŸ°
bm_ss_5,ğŸ±
bm_ss_6,ğŸ²
bm_ss_7,ğŸ³
bm_ss_8,ğŸ´
bm_ss_9,ğŸµ
tt_0,ğŸ¶
tt_1,ğŸ·
tt_2,ğŸ¸
tt_3,ğŸ¹
tt_4,ğŸº
tt_5,ğŸ»
tt_6,ğŸ¼
tt_7,ğŸ½
tt_8,ğŸ¾
tt_9,ğŸ¿
arabicmaj,ğ»°
arabichad,ğ»±
bullet,â€¢
to,â†’
iff,âŸº
implies,âŸ¹
impliedby,âŸ¸
_0,â‚€
_1,â‚
_2,â‚‚
_3,â‚ƒ
_4,â‚„
_5,â‚…
_6,â‚†
_7,â‚‡
_8,â‚ˆ
_9,â‚‰
_10,â¨
_+,â‚Š
_-,â‚‹
_=,â‚Œ
_(,â‚
_),â‚
_a,â‚
_e,â‚‘
_h,â‚•
_i,áµ¢
_j,â±¼
_k,â‚–
_l,â‚—
_m,â‚˜
_n,â‚™
_o,â‚’
_p,â‚š
_r,áµ£
_s,â‚›
_t,â‚œ
_u,áµ¤
_v,áµ¥
_x,â‚“
^0,â°
^1,Â¹
^2,Â²
^3,Â³
^4,â´
^5,âµ
^6,â¶
^7,â·
^8,â¸
^9,â¹
^+,âº
^-,â»
^=,â¼
^(,â½
^),â¾
^a,áµƒ
^b,áµ‡
^c,á¶œ
^d,áµˆ
^e,áµ‰
^f,á¶ 
^g,áµ
^h,Ê°
^i,â±
^j,Ê²
^k,áµ
^l,Ë¡
^m,áµ
^n,â¿
^o,áµ’
^p,áµ–
^r,Ê³
^s,Ë¢
^t,áµ—
^u,áµ˜
^v,áµ›
^w,Ê·
^x,Ë£
^y,Ê¸
^z,á¶»
^A,á´¬
^B,á´®
^D,á´°
^E,á´±
^G,á´³
^H,á´´
^I,á´µ
^J,á´¶
^K,á´·
^L,á´¸
^M,á´¹
^N,á´º
^O,á´¼
^P,á´¾
^R,á´¿
^T,áµ€
^U,áµ
^V,â±½
^W,áµ‚
